{
  "threshold": 0.933672308921814,
  "val": {
    "pr_auc": 0.9688568363394435,
    "roc_auc": 0.9965486450363418,
    "precision": 0.9001663893510815,
    "recall": 0.944153577661431,
    "f1": 0.9216354344122658,
    "accuracy": 0.9940820789913805,
    "threshold": 0.933672308921814,
    "confusion": [
      [
        14913,
        60
      ],
      [
        32,
        541
      ]
    ]
  },
  "test": {
    "pr_auc": 0.9645426017368341,
    "roc_auc": 0.9980122787833776,
    "precision": 0.8952205882352942,
    "recall": 0.9530332681017613,
    "f1": 0.9232227488151659,
    "accuracy": 0.9948542024013722,
    "threshold": 0.933672308921814,
    "confusion": [
      [
        15173,
        57
      ],
      [
        24,
        487
      ]
    ]
  },
  "majority_baseline_test": {
    "pr_auc": 0.03246299472714567,
    "roc_auc": 0.5,
    "precision": 0.0,
    "recall": 0.0,
    "f1": 0.0,
    "accuracy": 0.9675370052728544,
    "threshold": 0.5,
    "confusion": [
      [
        15230,
        0
      ],
      [
        511,
        0
      ]
    ]
  },
  "ckpt": "reports\\runs\\baseline_cnn\\best.pt"
}