{
  "threshold": 0.7936692237854004,
  "val": {
    "pr_auc": 0.9657471673352089,
    "roc_auc": 0.9981297924396549,
    "precision": 0.8892561983471075,
    "recall": 0.9389179755671903,
    "f1": 0.9134125636672326,
    "accuracy": 0.9934388267078348,
    "threshold": 0.7936692237854004,
    "confusion": [
      [
        14906,
        67
      ],
      [
        35,
        538
      ]
    ]
  },
  "test": {
    "pr_auc": 0.9660156304600506,
    "roc_auc": 0.9978038632681147,
    "precision": 0.8806509945750453,
    "recall": 0.9530332681017613,
    "f1": 0.9154135338345865,
    "accuracy": 0.9942824471126358,
    "threshold": 0.7936692237854004,
    "confusion": [
      [
        15164,
        66
      ],
      [
        24,
        487
      ]
    ]
  },
  "majority_baseline_test": {
    "pr_auc": 0.03246299472714567,
    "roc_auc": 0.5,
    "precision": 0.0,
    "recall": 0.0,
    "f1": 0.0,
    "accuracy": 0.9675370052728544,
    "threshold": 0.5,
    "confusion": [
      [
        15230,
        0
      ],
      [
        511,
        0
      ]
    ]
  },
  "ckpt": "reports\\runs\\resnet18_transfer\\best.pt"
}