{
  "train_loss": [
    0.00954284627106622,
    0.007573009613393724,
    0.007507676484583986,
    0.003762896156812414,
    0.002767774083323417,
    0.0026210368210628832,
    0.0023606605175955906,
    0.00224644446387271,
    0.0021598468588390454,
    0.002033424228045455,
    0.002208650506272483,
    0.0018938428593730167,
    0.0017988525234293176,
    0.001756456153511222,
    0.0016376634254392818,
    0.0017129384083688023
  ],
  "val_loss": [
    0.008798235569906008,
    0.009806006861795264,
    0.011204622951408243,
    0.003723259255851832,
    0.0023161131475256695,
    0.002051078489705525,
    0.0022928719905604506,
    0.002118009150415005,
    0.002912337194593608,
    0.0022320603389194365,
    0.0019468875161635154,
    0.0019809489275181605,
    0.002060881541519053,
    0.002061174685961979,
    0.001987636527122769,
    0.0017382636552799378
  ],
  "val_pr_auc": [
    0.5701627194742129,
    0.5805507046305309,
    0.5828309609387449,
    0.9418383968644356,
    0.9645620806700022,
    0.9682453124805053,
    0.9656497546854144,
    0.9679345976702686,
    0.9704462480149563,
    0.9767371398763456,
    0.9737590753213371,
    0.9725859806888543,
    0.971706941233017,
    0.9743247585535735,
    0.970583058324588,
    0.9755044933630358
  ],
  "val_f1": [
    0.2991202346041056,
    0.18670886075949367,
    0.13658536585365855,
    0.7274725274725274,
    0.8907563025210085,
    0.8843283582089553,
    0.8506876227897839,
    0.8753568030447193,
    0.7020316027088036,
    0.926829268292683,
    0.8504398826979472,
    0.9094138543516874,
    0.8602150537634409,
    0.9205240174672489,
    0.8905519176800748,
    0.9090909090909091
  ]
}