{
  "train_loss": [
    0.18615955389508335,
    0.1216596216581991,
    0.11592178769101022,
    0.10760129003684017,
    0.10597561579424297,
    0.09835983241053846,
    0.09649145314073473,
    0.09407848579187703,
    0.09130992432388035,
    0.09049303620713547
  ],
  "val_loss": [
    0.07381242957697273,
    0.06430003103266581,
    0.049977552732963164,
    0.06975111052451186,
    0.049232923699032226,
    0.08722059715816709,
    0.07147624516766435,
    0.05693673611403271,
    0.05610918733898491,
    0.062033254242728965
  ],
  "val_pr_auc": [
    0.9504317209549537,
    0.956374653538236,
    0.9564786188643432,
    0.9617216439006423,
    0.9688568363394435,
    0.9607187343582387,
    0.9475315141648677,
    0.9630354114425831,
    0.9652835547390747,
    0.9660950989509087
  ],
  "val_f1": [
    0.8555729984301413,
    0.8948220064724919,
    0.8935148118494796,
    0.8513207547169811,
    0.8885350318471338,
    0.8270348837209303,
    0.8307464892830746,
    0.8697674418604651,
    0.8712413261372398,
    0.8599695585996956
  ]
}