{
  "threshold": 0.4508455991744995,
  "val": {
    "pr_auc": 0.9767371398763456,
    "roc_auc": 0.9989108959244734,
    "precision": 0.91,
    "recall": 0.9528795811518325,
    "f1": 0.9309462915601023,
    "accuracy": 0.9947896565032806,
    "threshold": 0.4508455991744995,
    "confusion": [
      [
        14919,
        54
      ],
      [
        27,
        546
      ]
    ]
  },
  "test": {
    "pr_auc": 0.9755440949639066,
    "roc_auc": 0.9989768108828364,
    "precision": 0.8895027624309392,
    "recall": 0.9452054794520548,
    "f1": 0.9165085388994307,
    "accuracy": 0.9944095038434662,
    "threshold": 0.4508455991744995,
    "confusion": [
      [
        15170,
        60
      ],
      [
        28,
        483
      ]
    ]
  },
  "majority_baseline_test": {
    "pr_auc": 0.03246299472714567,
    "roc_auc": 0.5,
    "precision": 0.0,
    "recall": 0.0,
    "f1": 0.0,
    "accuracy": 0.9675370052728544,
    "threshold": 0.5,
    "confusion": [
      [
        15230,
        0
      ],
      [
        511,
        0
      ]
    ]
  },
  "ckpt": "reports\\runs\\resnet18_focal\\best.pt"
}