{
  "train_loss": [
    0.340374918296402,
    0.3061873329695888,
    0.30616120468374175,
    0.10164934921394037,
    0.06906526925765838,
    0.05463417487703042,
    0.043588484918863774,
    0.03191302053714807,
    0.028718119696874277,
    0.022537450523218875,
    0.020046915158677025,
    0.01752423821564384,
    0.014285144976525714
  ],
  "val_loss": [
    0.19493608596492318,
    0.2321752386758813,
    0.30340243630119845,
    0.06665298085509734,
    0.03540787741849009,
    0.025261978546060722,
    0.03048151319327326,
    0.03265601918380311,
    0.03564902839092575,
    0.036883867033871635,
    0.029500983752263288,
    0.029597705435479894,
    0.03741839083713648
  ],
  "val_pr_auc": [
    0.5682253622692015,
    0.5806037964389745,
    0.5865704826479384,
    0.9436278472957417,
    0.9565420666226285,
    0.9631552186938412,
    0.9657471673352089,
    0.9499644018172683,
    0.9555748041782433,
    0.9592189719565515,
    0.9578785865622655,
    0.9581069833629877,
    0.96556911887183
  ],
  "val_f1": [
    0.45879732739420936,
    0.4180633147113594,
    0.34541577825159914,
    0.8171262699564587,
    0.8881839809674861,
    0.8985985160758451,
    0.8944805194805194,
    0.8810500410172273,
    0.8937550689375506,
    0.8950819672131147,
    0.9010989010989011,
    0.9048442906574394,
    0.8973322554567502
  ]
}