{
  "train": {
    "n": 76839,
    "pos": 1943,
    "neg": 74896,
    "neg_per_pos": 38.54657745753989
  },
  "val": {
    "n": 15546,
    "pos": 573,
    "neg": 14973,
    "neg_per_pos": 26.130890052356023
  },
  "test": {
    "n": 15741,
    "pos": 511,
    "neg": 15230,
    "neg_per_pos": 29.804305283757337
  }
}